{
  "best_val_loss": 0.03655703105330467,
  "test_loss": 0.016035759394662456,
  "test_acc": 0.9946,
  "params": 467818
}